{"normalized":{"query":"boston massachusetts"},"query":{"query":"boston massachusetts"},"results":[{"urls":[{"url_type":"geo","name":"Boston Tourism","type":"GEO","url":"\/Tourism-g60745-Boston_Massachusetts-Vacations.html"}],"lookbackServlet":null,"scope":"global","name":"Boston, Massachusetts, United States","data_type":"LOCATION","title":"Destinations","type":"GEO","value":60745,"coords":"42.357277,-71.05834","url":"\/Tourism-g60745-Boston_Massachusetts-Vacations.html"},{"urls":[{"url_type":"geo","name":"South Boston Tourism","type":"GEO","url":"\/Tourism-g58191-South_Boston_Virginia-Vacations.html"}],"lookbackServlet":null,"scope":"global","name":"South Boston, Virginia, United States","data_type":"LOCATION","title":"Destinations","type":"GEO","value":58191,"coords":"36.687275,-78.900185","url":"\/Tourism-g58191-South_Boston_Virginia-Vacations.html"},{"urls":[{"url_type":"geo","name":"Boston Tourism","type":"GEO","url":"\/Tourism-g315978-Boston_Lincolnshire_England-Vacations.html"}],"lookbackServlet":null,"scope":"global","name":"Boston, Lincolnshire, England","data_type":"LOCATION","title":"Destinations","type":"GEO","value":315978,"coords":"52.976135,-0.024923","url":"\/Tourism-g315978-Boston_Lincolnshire_England-Vacations.html"},{"urls":[{"url_type":"attr","name":"Boston Duck Tours, Boston, Massachusetts","type":"ATTRACTION","url":"\/Attraction_Review-g60745-d104798-Reviews-Boston_Duck_Tours-Boston_Massachusetts.html"}],"war_url":"https:\/\/www.tripadvisor.com\/UserReview-g60745-d104798-Boston_Duck_Tours-Boston_Massachusetts.html","scope":"global","name":"Boston Duck Tours, Boston, Massachusetts","data_type":"LOCATION","type":"ATTRACTION","title":"Attractions","value":104798,"url":"\/Attraction_Review-g60745-d104798-Reviews-Boston_Duck_Tours-Boston_Massachusetts.html","coords":"42.34922790527344,-71.0693588256836"},{"urls":[{"url_type":"attr","name":"Boston Tea Party Ships & Museum, Boston, Massachusetts","type":"ATTRACTION","url":"\/Attraction_Review-g60745-d103645-Reviews-Boston_Tea_Party_Ships_Museum-Boston_Massachusetts.html"}],"war_url":"https:\/\/www.tripadvisor.com\/UserReview-g60745-d103645-Boston_Tea_Party_Ships_Museum-Boston_Massachusetts.html","scope":"global","name":"Boston Tea Party Ships & Museum, Boston, Massachusetts","data_type":"LOCATION","type":"ATTRACTION","title":"Attractions","value":103645,"url":"\/Attraction_Review-g60745-d103645-Reviews-Boston_Tea_Party_Ships_Museum-Boston_Massachusetts.html","coords":"42.352603912353516,-71.05101776123047"},{"urls":[{"url_type":"attr","name":"Boston Public Garden, Boston, Massachusetts","type":"ATTRACTION","url":"\/Attraction_Review-g60745-d103648-Reviews-Boston_Public_Garden-Boston_Massachusetts.html"}],"war_url":"https:\/\/www.tripadvisor.com\/UserReview-g60745-d103648-Boston_Public_Garden-Boston_Massachusetts.html","scope":"global","name":"Boston Public Garden, Boston, Massachusetts","data_type":"LOCATION","type":"ATTRACTION","title":"Attractions","value":103648,"url":"\/Attraction_Review-g60745-d103648-Reviews-Boston_Public_Garden-Boston_Massachusetts.html","coords":"42.35449981689453,-71.07066345214844"},{"urls":[{"url_type":"attr","name":"Cashunt Boston - Private Games, Boston, Massachusetts","type":"ATTRACTION","url":"\/Attraction_Review-g60745-d1463036-Reviews-Cashunt_Boston_Private_Games-Boston_Massachusetts.html"}],"war_url":"https:\/\/www.tripadvisor.com\/UserReview-g60745-d1463036-Cashunt_Boston_Private_Games-Boston_Massachusetts.html","scope":"global","name":"Cashunt Boston - Private Games, Boston, Massachusetts","data_type":"LOCATION","type":"ATTRACTION","title":"Attractions","value":1463036,"url":"\/Attraction_Review-g60745-d1463036-Reviews-Cashunt_Boston_Private_Games-Boston_Massachusetts.html","coords":"42.36097717285156,-71.05506134033203"},{"urls":[{"url_type":"hotel","name":"Seaport Boston Hotel, Boston, Massachusetts","type":"HOTEL","url":"\/Hotel_Review-g60745-d94330-Reviews-Seaport_Boston_Hotel-Boston_Massachusetts.html"}],"war_url":"https:\/\/www.tripadvisor.com\/UserReview-g60745-d94330-Seaport_Boston_Hotel-Boston_Massachusetts.html","scope":"global","name":"Seaport Boston Hotel, Boston, Massachusetts","data_type":"LOCATION","type":"HOTEL","title":"Hotels","value":94330,"url":"\/Hotel_Review-g60745-d94330-Reviews-Seaport_Boston_Hotel-Boston_Massachusetts.html","coords":"42.34922409057617,-71.04127502441406"},{"urls":[{"url_type":"hotel","name":"Boston Park Plaza, Boston, Massachusetts","type":"HOTEL","url":"\/Hotel_Review-g60745-d111418-Reviews-Boston_Park_Plaza-Boston_Massachusetts.html"}],"war_url":"https:\/\/www.tripadvisor.com\/UserReview-g60745-d111418-Boston_Park_Plaza-Boston_Massachusetts.html","scope":"global","name":"Boston Park Plaza, Boston, Massachusetts","data_type":"LOCATION","type":"HOTEL","title":"Hotels","value":111418,"url":"\/Hotel_Review-g60745-d111418-Reviews-Boston_Park_Plaza-Boston_Massachusetts.html","coords":"42.35115432739258,-71.06999969482422"},{"urls":[{"url_type":"hotel","name":"Hyatt Regency Boston Harbor, Boston, Massachusetts","type":"HOTEL","url":"\/Hotel_Review-g60745-d89620-Reviews-Hyatt_Regency_Boston_Harbor-Boston_Massachusetts.html"}],"war_url":"https:\/\/www.tripadvisor.com\/UserReview-g60745-d89620-Hyatt_Regency_Boston_Harbor-Boston_Massachusetts.html","scope":"global","name":"Hyatt Regency Boston Harbor, Boston, Massachusetts","data_type":"LOCATION","type":"HOTEL","title":"Hotels","value":89620,"url":"\/Hotel_Review-g60745-d89620-Reviews-Hyatt_Regency_Boston_Harbor-Boston_Massachusetts.html","coords":"42.35908508300781,-71.02710723876953"},{"urls":[{"url_type":"hotel","name":"Revere Hotel Boston Common, Boston, Massachusetts","type":"HOTEL","url":"\/Hotel_Review-g60745-d89600-Reviews-Revere_Hotel_Boston_Common-Boston_Massachusetts.html"}],"war_url":"https:\/\/www.tripadvisor.com\/UserReview-g60745-d89600-Revere_Hotel_Boston_Common-Boston_Massachusetts.html","scope":"global","name":"Revere Hotel Boston Common, Boston, Massachusetts","data_type":"LOCATION","type":"HOTEL","title":"Hotels","value":89600,"url":"\/Hotel_Review-g60745-d89600-Reviews-Revere_Hotel_Boston_Common-Boston_Massachusetts.html","coords":"42.350730895996094,-71.06721496582031"},{"urls":[{"url_type":"hotel","name":"Boston Harbor Hotel, Boston, Massachusetts","type":"HOTEL","url":"\/Hotel_Review-g60745-d89575-Reviews-Boston_Harbor_Hotel-Boston_Massachusetts.html"}],"war_url":"https:\/\/www.tripadvisor.com\/UserReview-g60745-d89575-Boston_Harbor_Hotel-Boston_Massachusetts.html","scope":"global","name":"Boston Harbor Hotel, Boston, Massachusetts","data_type":"LOCATION","type":"HOTEL","title":"Hotels","value":89575,"url":"\/Hotel_Review-g60745-d89575-Reviews-Boston_Harbor_Hotel-Boston_Massachusetts.html","coords":"42.35650634765625,-71.05024719238281"}]}